month,sr_type,complaint_count
1,311 INFORMATION ONLY CALL,366816
1,Abandoned Vehicle Complaint,22173
1,Aircraft Noise Complaint,130886
1,Alley Light Out Complaint,5057
1,Alley Pothole Complaint,3187
1,Alley Sewer Inspection Request,433
1,Animal In Trap Complaint,94
1,Bee/Wasp Removal,105
1,Bicycle Request/Complaint,283
1,Blue Recycling Cart,9521
1,Building Violation,9574
1,Buildings - Plumbing Violation,5175
1,Bungalow/Vintage Home Information Request,53
1,Business Complaints,2077
1,Cab Feedback,1004
1,Cable TV Complaint,179
1,Check for Leak,7976
1,City Vehicle Sticker Violation,1431
1,Clean Vacant Lot Request,904
1,Clean and Green Program Request,17
1,Commercial Fire Safety Inspection Request,106
1,Consumer Fraud Complaint,725
1,Consumer Retail Business Complaint,291
1,Coyote Interaction Complaint,1565
1,Dead Animal Pick-Up Request,3905
1,Dead Bird,197
1,Divvy Bike Parking Complaint,219
1,E-Scooter Parking Complaint,172
1,Finance Parking Code Enforcement Review,1415
1,Fly Dumping Complaint,3770
1,Garbage Cart Maintenance,19118
1,Graffiti Removal Request,45785
1,Home Buyer Program Info Request,206
1,Ice and Snow Removal Request,12468
1,Inaccurate Fuel Pump Complaint,41
1,Inaccurate Retail Scales Complaint,2
1,Inspect Public Way Request,2417
1,Lead Inspection Request,227
1,Licensed Pharmaceutical Representative Complaint,2
1,Liquor Establishment Complaint,142
1,Low Water Pressure Complaint,915
1,Missed Garbage Pick-Up Complaint,3690
1,No Air Conditioning,2
1,No Building Permit and Construction Violation,1933
1,No Solicitation Complaint,29
1,No Water Complaint,4572
1,Nuisance Animal Complaint,2058
1,Open Fire Hydrant Complaint,914
1,Outdated Merchandise Complaint,37
1,Paid Sick Leave Violation,87
1,Pavement Cave-In Inspection Request,26
1,Pet Wellness Check Request,2307
1,Petcoke Dust Complaint,1
1,Porch Inspection Request,198
1,Pothole in Street Complaint,27751
1,Protected Bike Lane - Debris Removal,96
1,Public Vehicle Complaint,107
1,Pushcart Food Vendor Complaint,33
1,Recycling Inspection Request,136
1,Recycling Pick Up,3943
1,Renters and Foreclosure Complaint,26
1,Report an Injured Animal,2631
1,Restaurant Complaint,1295
1,Ridesharing Complaint,85
1,Rodent Baiting/Rat Complaint,15139
1,Sanitation Code Violation,5011
1,Sewer Cave-In Inspection Request,1632
1,Sewer Cleaning Inspection Request,2989
1,Shared Cost Sidewalk Program Request,13129
1,Shared Housing/Vacation Rental Complaint,167
1,Sidewalk Café/Outdoor Dining Complaint,101
1,Sidewalk Inspection Request,3372
1,Sign Repair Request - All Other Signs,9226
1,Sign Repair Request - Do Not Enter Sign,341
1,Sign Repair Request - One Way Sign,940
1,Sign Repair Request - Stop Sign,2404
1,Snow - Object/Dibs Removal Request,2753
1,Snow Removal - Protected Bike Lane or Bridge Sidewalk,244
1,Snow – Uncleared Sidewalk Complaint,11610
1,Stray Animal Complaint,5233
1,Street Cleaning Request,1397
1,Street Light On During Day Complaint,345
1,Street Light Out Complaint,22134
1,Street Light Pole Damage Complaint,2196
1,Street Light Pole Door Missing Complaint,273
1,Tobacco - General Complaint,79
1,Tobacco - Sale to Minors Complaint,46
1,Traffic Signal Out Complaint,12889
1,Tree Debris Clean-Up Request,2965
1,Tree Emergency,1926
1,Tree Planting Request,2079
1,Tree Removal Inspection,3257
1,Tree Trim Request (NO LONGER BEING ACCEPTED),11056
1,Vacant/Abandoned Building Complaint,1970
1,Vehicle Parked in Bike Lane Complaint,727
1,Viaduct Light Out Complaint,230
1,Vicious Animal Complaint,2591
1,Wage Complaint,98
1,Water Lead Test Kit Request,4678
1,Water Lead Test Visit Request,954
1,Water On Street Complaint,4106
1,Water Quality Concern,340
1,Water in Basement Complaint,2259
1,Wire Basket Request,366
1,Yard Waste Pick-Up Request,938
2,311 INFORMATION ONLY CALL,336852
2,Abandoned Vehicle Complaint,21945
2,Aircraft Noise Complaint,118417
2,Alley Light Out Complaint,4365
2,Alley Pothole Complaint,3198
2,Alley Sewer Inspection Request,506
2,Animal In Trap Complaint,95
2,Bee/Wasp Removal,111
2,Bicycle Request/Complaint,276
2,Blue Recycling Cart,7238
2,Building Violation,9618
2,Buildings - Plumbing Violation,3907
2,Bungalow/Vintage Home Information Request,44
2,Business Complaints,1266
2,Cab Feedback,1191
2,Cable TV Complaint,155
2,Check for Leak,5706
2,City Vehicle Sticker Violation,1684
2,Clean Vacant Lot Request,1184
2,Clean and Green Program Request,25
2,Commercial Fire Safety Inspection Request,148
2,Consumer Fraud Complaint,628
2,Consumer Retail Business Complaint,305
2,Coyote Interaction Complaint,1056
2,Dead Animal Pick-Up Request,4268
2,Dead Bird,306
2,Divvy Bike Parking Complaint,264
2,E-Scooter Parking Complaint,156
2,Finance Parking Code Enforcement Review,1635
2,Fly Dumping Complaint,4036
2,Garbage Cart Maintenance,16578
2,Graffiti Removal Request,40147
2,Home Buyer Program Info Request,182
2,Ice and Snow Removal Request,22143
2,Inaccurate Fuel Pump Complaint,58
2,Inaccurate Retail Scales Complaint,4
2,Inspect Public Way Request,2530
2,Lead Inspection Request,116
2,Licensed Pharmaceutical Representative Complaint,3
2,Liquor Establishment Complaint,123
2,Low Water Pressure Complaint,817
2,Missed Garbage Pick-Up Complaint,5988
2,No Air Conditioning,3
2,No Building Permit and Construction Violation,2047
2,No Solicitation Complaint,43
2,No Water Complaint,2764
2,Nuisance Animal Complaint,2440
2,Open Fire Hydrant Complaint,931
2,Outdated Merchandise Complaint,23
2,Paid Sick Leave Violation,80
2,Pavement Cave-In Inspection Request,15
2,Pet Wellness Check Request,1693
2,Porch Inspection Request,194
2,Pothole in Street Complaint,34671
2,Protected Bike Lane - Debris Removal,94
2,Public Vehicle Complaint,111
2,Pushcart Food Vendor Complaint,59
2,Recycling Inspection Request,152
2,Recycling Pick Up,4022
2,Renters and Foreclosure Complaint,26
2,Report an Injured Animal,2746
2,Restaurant Complaint,1203
2,Ridesharing Complaint,111
2,Rodent Baiting/Rat Complaint,12972
2,Sanitation Code Violation,5343
2,Sewer Cave-In Inspection Request,2116
2,Sewer Cleaning Inspection Request,3409
2,Shared Cost Sidewalk Program Request,94
2,Shared Housing/Vacation Rental Complaint,145
2,Sidewalk Café/Outdoor Dining Complaint,62
2,Sidewalk Inspection Request,2535
2,Sign Repair Request - All Other Signs,8725
2,Sign Repair Request - Do Not Enter Sign,278
2,Sign Repair Request - One Way Sign,923
2,Sign Repair Request - Stop Sign,2248
2,Smokeless Tobacco at Sports Event Complaint,4
2,Snow - Object/Dibs Removal Request,8962
2,Snow Removal - Protected Bike Lane or Bridge Sidewalk,230
2,Snow – Uncleared Sidewalk Complaint,10858
2,Stray Animal Complaint,5340
2,Street Cleaning Request,1652
2,Street Light On During Day Complaint,392
2,Street Light Out Complaint,22172
2,Street Light Pole Damage Complaint,2001
2,Street Light Pole Door Missing Complaint,359
2,Tobacco - General Complaint,85
2,Tobacco - Sale to Minors Complaint,68
2,Traffic Signal Out Complaint,11693
2,Tree Debris Clean-Up Request,2662
2,Tree Emergency,1627
2,Tree Planting Request,4104
2,Tree Removal Inspection,3702
2,Tree Trim Request (NO LONGER BEING ACCEPTED),12326
2,Vacant/Abandoned Building Complaint,1839
2,Vehicle Parked in Bike Lane Complaint,809
2,Viaduct Light Out Complaint,198
2,Vicious Animal Complaint,2654
2,Wage Complaint,71
2,Water Lead Test Kit Request,3553
2,Water Lead Test Visit Request,507
2,Water On Street Complaint,3444
2,Water Quality Concern,320
2,Water in Basement Complaint,2189
2,Wire Basket Request,392
2,Yard Waste Pick-Up Request,688
3,311 INFORMATION ONLY CALL,386853
3,Abandoned Vehicle Complaint,24533
3,Aircraft Noise Complaint,161913
3,Alley Light Out Complaint,5382
3,Alley Pothole Complaint,6949
3,Alley Sewer Inspection Request,719
3,Animal In Trap Complaint,133
3,Bee/Wasp Removal,215
3,Bicycle Request/Complaint,361
3,Blue Recycling Cart,9753
3,Building Violation,9155
3,Buildings - Plumbing Violation,3255
3,Bungalow/Vintage Home Information Request,48
3,Business Complaints,2245
3,Cab Feedback,1358
3,Cable TV Complaint,233
3,Check for Leak,4502
3,City Vehicle Sticker Violation,1816
3,Clean Vacant Lot Request,2915
3,Clean and Green Program Request,258
3,Commercial Fire Safety Inspection Request,138
3,Consumer Fraud Complaint,807
3,Consumer Retail Business Complaint,477
3,Coyote Interaction Complaint,728
3,Dead Animal Pick-Up Request,6061
3,Dead Bird,302
3,Divvy Bike Parking Complaint,455
3,E-Scooter Parking Complaint,541
3,Finance Parking Code Enforcement Review,1893
3,Fly Dumping Complaint,6135
3,Garbage Cart Maintenance,23600
3,Graffiti Removal Request,52433
3,Home Buyer Program Info Request,211
3,Ice and Snow Removal Request,100
3,Inaccurate Fuel Pump Complaint,57
3,Inaccurate Retail Scales Complaint,1
3,Inspect Public Way Request,3710
3,Lead Inspection Request,117
3,Licensed Pharmaceutical Representative Complaint,1
3,Liquor Establishment Complaint,167
3,Low Water Pressure Complaint,805
3,Missed Garbage Pick-Up Complaint,3605
3,No Air Conditioning,2
3,No Building Permit and Construction Violation,2716
3,No Solicitation Complaint,44
3,No Water Complaint,1438
3,Nuisance Animal Complaint,3043
3,Open Fire Hydrant Complaint,564
3,Outdated Merchandise Complaint,29
3,Paid Sick Leave Violation,152
3,Pavement Cave-In Inspection Request,17
3,Pet Wellness Check Request,1184
3,Porch Inspection Request,225
3,Pothole in Street Complaint,43470
3,Protected Bike Lane - Debris Removal,108
3,Public Vehicle Complaint,111
3,Pushcart Food Vendor Complaint,80
3,Recycling Inspection Request,151
3,Recycling Pick Up,3748
3,Renters and Foreclosure Complaint,21
3,Report an Injured Animal,3475
3,Restaurant Complaint,1393
3,Ridesharing Complaint,113
3,Rodent Baiting/Rat Complaint,20479
3,Sanitation Code Violation,7283
3,Sewer Cave-In Inspection Request,2877
3,Sewer Cleaning Inspection Request,4667
3,Shared Cost Sidewalk Program Request,198
3,Shared Housing/Vacation Rental Complaint,155
3,Sidewalk Café/Outdoor Dining Complaint,121
3,Sidewalk Inspection Request,4159
3,Sign Repair Request - All Other Signs,11373
3,Sign Repair Request - Do Not Enter Sign,387
3,Sign Repair Request - One Way Sign,1142
3,Sign Repair Request - Stop Sign,2805
3,Smokeless Tobacco at Sports Event Complaint,2
3,Snow - Object/Dibs Removal Request,897
3,Snow Removal - Protected Bike Lane or Bridge Sidewalk,12
3,Snow – Uncleared Sidewalk Complaint,80
3,Stray Animal Complaint,5691
3,Street Cleaning Request,3017
3,Street Light On During Day Complaint,465
3,Street Light Out Complaint,24888
3,Street Light Pole Damage Complaint,2654
3,Street Light Pole Door Missing Complaint,439
3,Tobacco - General Complaint,72
3,Tobacco - Sale to Minors Complaint,103
3,Traffic Signal Out Complaint,12939
3,Tree Debris Clean-Up Request,5607
3,Tree Emergency,3726
3,Tree Planting Request,4544
3,Tree Removal Inspection,7285
3,Tree Trim Request (NO LONGER BEING ACCEPTED),13542
3,Vacant/Abandoned Building Complaint,2996
3,Vehicle Parked in Bike Lane Complaint,783
3,Viaduct Light Out Complaint,235
3,Vicious Animal Complaint,3163
3,Wage Complaint,89
3,Water Lead Test Kit Request,4939
3,Water Lead Test Visit Request,661
3,Water On Street Complaint,4993
3,Water Quality Concern,332
3,Water in Basement Complaint,2385
3,Weed Removal Request,1
3,Wire Basket Request,517
3,Yard Waste Pick-Up Request,2487
4,311 INFORMATION ONLY CALL,348004
4,Abandoned Vehicle Complaint,21081
4,Aircraft Noise Complaint,162201
4,Alley Light Out Complaint,4476
4,Alley Pothole Complaint,7454
4,Alley Sewer Inspection Request,865
4,Animal In Trap Complaint,140
4,Bee/Wasp Removal,165
4,Bicycle Request/Complaint,404
4,Blue Recycling Cart,9996
4,Building Violation,9340
4,Buildings - Plumbing Violation,3081
4,Bungalow/Vintage Home Information Request,57
4,Business Complaints,4052
4,Cab Feedback,1411
4,Cable TV Complaint,222
4,Check for Leak,4049
4,City Vehicle Sticker Violation,1827
4,Clean Vacant Lot Request,3139
4,Clean and Green Program Request,833
4,Commercial Fire Safety Inspection Request,157
4,Consumer Fraud Complaint,727
4,Consumer Retail Business Complaint,554
4,Coyote Interaction Complaint,586
4,Dead Animal Pick-Up Request,6121
4,Dead Bird,362
4,Divvy Bike Parking Complaint,528
4,E-Scooter Parking Complaint,815
4,Finance Parking Code Enforcement Review,2677
4,Fly Dumping Complaint,5973
4,Garbage Cart Maintenance,24574
4,Graffiti Removal Request,48245
4,Home Buyer Program Info Request,160
4,Ice and Snow Removal Request,10
4,Inaccurate Fuel Pump Complaint,44
4,Inaccurate Retail Scales Complaint,3
4,Inspect Public Way Request,4149
4,Lead Inspection Request,109
4,Licensed Pharmaceutical Representative Complaint,6
4,Liquor Establishment Complaint,154
4,Low Water Pressure Complaint,838
4,Missed Garbage Pick-Up Complaint,2502
4,No Air Conditioning,58
4,No Building Permit and Construction Violation,2636
4,No Solicitation Complaint,25
4,No Water Complaint,1246
4,Nuisance Animal Complaint,2991
4,Open Fire Hydrant Complaint,629
4,Outdated Merchandise Complaint,38
4,Paid Sick Leave Violation,301
4,Pavement Cave-In Inspection Request,57
4,Pet Wellness Check Request,1154
4,Porch Inspection Request,235
4,Pothole in Street Complaint,38228
4,Protected Bike Lane - Debris Removal,134
4,Public Vehicle Complaint,122
4,Pushcart Food Vendor Complaint,111
4,Recycling Inspection Request,190
4,Recycling Pick Up,2454
4,Renters and Foreclosure Complaint,12
4,Report an Injured Animal,4282
4,Restaurant Complaint,1302
4,Ridesharing Complaint,97
4,Rodent Baiting/Rat Complaint,22370
4,Sanitation Code Violation,6569
4,Sewer Cave-In Inspection Request,2985
4,Sewer Cleaning Inspection Request,5670
4,Shared Cost Sidewalk Program Request,82
4,Shared Housing/Vacation Rental Complaint,169
4,Sidewalk Café/Outdoor Dining Complaint,157
4,Sidewalk Inspection Request,4955
4,Sign Repair Request - All Other Signs,10291
4,Sign Repair Request - Do Not Enter Sign,357
4,Sign Repair Request - One Way Sign,1200
4,Sign Repair Request - Stop Sign,2718
4,Smokeless Tobacco at Sports Event Complaint,3
4,Snow - Object/Dibs Removal Request,210
4,Snow – Uncleared Sidewalk Complaint,4
4,Stray Animal Complaint,5803
4,Street Cleaning Request,3289
4,Street Light On During Day Complaint,506
4,Street Light Out Complaint,19121
4,Street Light Pole Damage Complaint,2451
4,Street Light Pole Door Missing Complaint,461
4,Tobacco - General Complaint,118
4,Tobacco - Sale to Minors Complaint,76
4,Traffic Signal Out Complaint,11210
4,Tree Debris Clean-Up Request,8759
4,Tree Emergency,4904
4,Tree Planting Request,6714
4,Tree Removal Inspection,9318
4,Tree Trim Request (NO LONGER BEING ACCEPTED),19331
4,Vacant/Abandoned Building Complaint,2979
4,Vehicle Parked in Bike Lane Complaint,399
4,Viaduct Light Out Complaint,225
4,Vicious Animal Complaint,3303
4,Wage Complaint,99
4,Water Lead Test Kit Request,8057
4,Water Lead Test Visit Request,565
4,Water On Street Complaint,6183
4,Water Quality Concern,355
4,Water in Basement Complaint,2517
4,Weed Removal Request,418
4,Wire Basket Request,468
4,Yard Waste Pick-Up Request,5375
5,311 INFORMATION ONLY CALL,356313
5,Abandoned Vehicle Complaint,22327
5,Aircraft Noise Complaint,178599
5,Alley Light Out Complaint,4775
5,Alley Pothole Complaint,6360
5,Alley Sewer Inspection Request,1166
5,Animal In Trap Complaint,193
5,Bee/Wasp Removal,137
5,Bicycle Request/Complaint,441
5,Blue Recycling Cart,10767
5,Building Violation,10689
5,Buildings - Plumbing Violation,3502
5,Bungalow/Vintage Home Information Request,74
5,Business Complaints,2881
5,Cab Feedback,1555
5,Cable TV Complaint,211
5,Check for Leak,3749
5,City Vehicle Sticker Violation,1520
5,Clean Vacant Lot Request,4501
5,Clean and Green Program Request,162
5,Commercial Fire Safety Inspection Request,116
5,Consumer Fraud Complaint,672
5,Consumer Retail Business Complaint,429
5,Coyote Interaction Complaint,756
5,Dead Animal Pick-Up Request,8618
5,Dead Bird,508
5,Divvy Bike Parking Complaint,568
5,E-Scooter Parking Complaint,1157
5,Finance Parking Code Enforcement Review,2961
5,Fly Dumping Complaint,6614
5,Garbage Cart Maintenance,28537
5,Graffiti Removal Request,49133
5,Home Buyer Program Info Request,151
5,Inaccurate Fuel Pump Complaint,32
5,Inaccurate Retail Scales Complaint,3
5,Inspect Public Way Request,4484
5,Lead Inspection Request,129
5,Licensed Pharmaceutical Representative Complaint,6
5,Liquor Establishment Complaint,194
5,Low Water Pressure Complaint,1070
5,Missed Garbage Pick-Up Complaint,3411
5,No Air Conditioning,101
5,No Building Permit and Construction Violation,2783
5,No Solicitation Complaint,27
5,No Water Complaint,1287
5,Nuisance Animal Complaint,3650
5,Open Fire Hydrant Complaint,2792
5,Outdated Merchandise Complaint,23
5,Paid Sick Leave Violation,138
5,Pavement Cave-In Inspection Request,18
5,Pet Wellness Check Request,1260
5,Porch Inspection Request,323
5,Pothole in Street Complaint,28868
5,Protected Bike Lane - Debris Removal,128
5,Public Vehicle Complaint,129
5,Pushcart Food Vendor Complaint,139
5,Recycling Inspection Request,163
5,Recycling Pick Up,2925
5,Renters and Foreclosure Complaint,21
5,Report an Injured Animal,5845
5,Restaurant Complaint,1360
5,Ridesharing Complaint,110
5,Rodent Baiting/Rat Complaint,28694
5,Sanitation Code Violation,9364
5,Sewer Cave-In Inspection Request,3120
5,Sewer Cleaning Inspection Request,7201
5,Shared Cost Sidewalk Program Request,18
5,Shared Housing/Vacation Rental Complaint,217
5,Sidewalk Café/Outdoor Dining Complaint,262
5,Sidewalk Inspection Request,5244
5,Sign Repair Request - All Other Signs,10338
5,Sign Repair Request - Do Not Enter Sign,355
5,Sign Repair Request - One Way Sign,1241
5,Sign Repair Request - Stop Sign,2535
5,Smokeless Tobacco at Sports Event Complaint,1
5,Snow - Object/Dibs Removal Request,5
5,Stray Animal Complaint,6176
5,Street Cleaning Request,2879
5,Street Light On During Day Complaint,633
5,Street Light Out Complaint,22897
5,Street Light Pole Damage Complaint,2343
5,Street Light Pole Door Missing Complaint,488
5,Submerged Divvy or Lime Device in the Lake/River,2
5,Tobacco - General Complaint,130
5,Tobacco - Sale to Minors Complaint,76
5,Traffic Signal Out Complaint,12593
5,Tree Debris Clean-Up Request,17379
5,Tree Emergency,15013
5,Tree Planting Request,8631
5,Tree Removal Inspection,12875
5,Tree Trim Request (NO LONGER BEING ACCEPTED),20676
5,Vacant/Abandoned Building Complaint,3677
5,Vehicle Parked in Bike Lane Complaint,500
5,Viaduct Light Out Complaint,178
5,Vicious Animal Complaint,3534
5,Wage Complaint,110
5,Water Lead Test Kit Request,3528
5,Water Lead Test Visit Request,743
5,Water On Street Complaint,7810
5,Water Quality Concern,309
5,Water in Basement Complaint,4386
5,Weed Removal Request,12662
5,Wire Basket Request,664
5,Yard Waste Pick-Up Request,9580
6,311 INFORMATION ONLY CALL,352468
6,Abandoned Vehicle Complaint,22467
6,Aircraft Noise Complaint,165633
6,Alley Light Out Complaint,4731
6,Alley Pothole Complaint,5462
6,Alley Sewer Inspection Request,938
6,Animal In Trap Complaint,174
6,Bee/Wasp Removal,123
6,Bicycle Request/Complaint,429
6,Blue Recycling Cart,11263
6,Building Violation,17377
6,Buildings - Plumbing Violation,3523
6,Bungalow/Vintage Home Information Request,64
6,Business Complaints,2289
6,Cab Feedback,1759
6,Cable TV Complaint,244
6,Check for Leak,4120
6,City Vehicle Sticker Violation,1750
6,Clean Vacant Lot Request,4202
6,Clean and Green Program Request,141
6,Commercial Fire Safety Inspection Request,152
6,Consumer Fraud Complaint,592
6,Consumer Retail Business Complaint,339
6,Coyote Interaction Complaint,407
6,Dead Animal Pick-Up Request,9065
6,Dead Bird,428
6,Divvy Bike Parking Complaint,740
6,E-Scooter Parking Complaint,1286
6,Finance Parking Code Enforcement Review,2908
6,Fly Dumping Complaint,7078
6,Garbage Cart Maintenance,30677
6,Graffiti Removal Request,49035
6,Home Buyer Program Info Request,150
6,Inaccurate Fuel Pump Complaint,37
6,Inaccurate Retail Scales Complaint,3
6,Inspect Public Way Request,4933
6,Lead Inspection Request,144
6,Licensed Pharmaceutical Representative Complaint,4
6,Liquor Establishment Complaint,137
6,Low Water Pressure Complaint,1328
6,Missed Garbage Pick-Up Complaint,5232
6,No Air Conditioning,469
6,No Building Permit and Construction Violation,2707
6,No Solicitation Complaint,33
6,No Water Complaint,1326
6,Nuisance Animal Complaint,3378
6,Open Fire Hydrant Complaint,11998
6,Outdated Merchandise Complaint,32
6,Paid Sick Leave Violation,110
6,Pavement Cave-In Inspection Request,33
6,Pet Wellness Check Request,1569
6,Porch Inspection Request,330
6,Pothole in Street Complaint,24542
6,Protected Bike Lane - Debris Removal,150
6,Public Vehicle Complaint,173
6,Pushcart Food Vendor Complaint,148
6,Recycling Inspection Request,191
6,Recycling Pick Up,3988
6,Renters and Foreclosure Complaint,28
6,Report an Injured Animal,5260
6,Restaurant Complaint,1456
6,Ridesharing Complaint,103
6,Rodent Baiting/Rat Complaint,33739
6,Sanitation Code Violation,9602
6,Sewer Cave-In Inspection Request,3227
6,Sewer Cleaning Inspection Request,6317
6,Shared Cost Sidewalk Program Request,173
6,Shared Housing/Vacation Rental Complaint,212
6,Sidewalk Café/Outdoor Dining Complaint,260
6,Sidewalk Inspection Request,5061
6,Sign Repair Request - All Other Signs,11476
6,Sign Repair Request - Do Not Enter Sign,337
6,Sign Repair Request - One Way Sign,1235
6,Sign Repair Request - Stop Sign,2520
6,Smokeless Tobacco at Sports Event Complaint,4
6,Snow - Object/Dibs Removal Request,2
6,Stray Animal Complaint,5711
6,Street Cleaning Request,3052
6,Street Light On During Day Complaint,612
6,Street Light Out Complaint,27200
6,Street Light Pole Damage Complaint,2379
6,Street Light Pole Door Missing Complaint,526
6,Submerged Divvy or Lime Device in the Lake/River,3
6,Tobacco - General Complaint,113
6,Tobacco - Sale to Minors Complaint,83
6,Traffic Signal Out Complaint,13232
6,Tree Debris Clean-Up Request,23458
6,Tree Emergency,19597
6,Tree Planting Request,9085
6,Tree Removal Inspection,14643
6,Tree Trim Request (NO LONGER BEING ACCEPTED),28810
6,Vacant/Abandoned Building Complaint,4340
6,Vehicle Parked in Bike Lane Complaint,972
6,Viaduct Light Out Complaint,148
6,Vicious Animal Complaint,3310
6,Wage Complaint,95
6,Water Lead Test Kit Request,4061
6,Water Lead Test Visit Request,813
6,Water On Street Complaint,6197
6,Water Quality Concern,489
6,Water in Basement Complaint,2554
6,Weed Removal Request,22167
6,Wire Basket Request,785
6,Yard Waste Pick-Up Request,8436
7,311 INFORMATION ONLY CALL,351970
7,Abandoned Vehicle Complaint,23549
7,Aircraft Noise Complaint,186951
7,Alley Light Out Complaint,4422
7,Alley Pothole Complaint,5285
7,Alley Sewer Inspection Request,1194
7,Animal In Trap Complaint,156
7,Bee/Wasp Removal,723
7,Bicycle Request/Complaint,428
7,Blue Recycling Cart,12478
7,Building Violation,12532
7,Buildings - Plumbing Violation,3891
7,Bungalow/Vintage Home Information Request,67
7,Business Complaints,2807
7,Cab Feedback,1641
7,Cable TV Complaint,219
7,Check for Leak,4666
7,City Vehicle Sticker Violation,1814
7,Clean Vacant Lot Request,3634
7,Clean and Green Program Request,117
7,Commercial Fire Safety Inspection Request,169
7,Consumer Fraud Complaint,601
7,Consumer Retail Business Complaint,393
7,Coyote Interaction Complaint,407
7,Dead Animal Pick-Up Request,9029
7,Dead Bird,400
7,Divvy Bike Parking Complaint,791
7,E-Scooter Parking Complaint,1324
7,Finance Parking Code Enforcement Review,3040
7,Fly Dumping Complaint,7983
7,Garbage Cart Maintenance,34903
7,Graffiti Removal Request,49347
7,Home Buyer Program Info Request,161
7,Inaccurate Fuel Pump Complaint,39
7,Inaccurate Retail Scales Complaint,4
7,Inspect Public Way Request,4864
7,Lead Inspection Request,143
7,Liquor Establishment Complaint,179
7,Low Water Pressure Complaint,1496
7,Missed Garbage Pick-Up Complaint,6631
7,No Air Conditioning,383
7,No Building Permit and Construction Violation,2693
7,No Solicitation Complaint,34
7,No Water Complaint,1626
7,Nuisance Animal Complaint,2878
7,Open Fire Hydrant Complaint,10531
7,Outdated Merchandise Complaint,33
7,Paid Sick Leave Violation,126
7,Pavement Cave-In Inspection Request,22
7,Pet Wellness Check Request,1526
7,Porch Inspection Request,397
7,Pothole in Street Complaint,22879
7,Protected Bike Lane - Debris Removal,140
7,Public Vehicle Complaint,202
7,Pushcart Food Vendor Complaint,164
7,Recycling Inspection Request,164
7,Recycling Pick Up,3854
7,Renters and Foreclosure Complaint,24
7,Report an Injured Animal,5224
7,Restaurant Complaint,1587
7,Ridesharing Complaint,86
7,Rodent Baiting/Rat Complaint,38383
7,Sanitation Code Violation,10697
7,Sewer Cave-In Inspection Request,3609
7,Sewer Cleaning Inspection Request,8217
7,Shared Cost Sidewalk Program Request,9
7,Shared Housing/Vacation Rental Complaint,217
7,Sidewalk Café/Outdoor Dining Complaint,240
7,Sidewalk Inspection Request,5644
7,Sign Repair Request - All Other Signs,10497
7,Sign Repair Request - Do Not Enter Sign,359
7,Sign Repair Request - One Way Sign,1383
7,Sign Repair Request - Stop Sign,2414
7,Smokeless Tobacco at Sports Event Complaint,1
7,Snow - Object/Dibs Removal Request,1
7,Stray Animal Complaint,5934
7,Street Cleaning Request,3321
7,Street Light On During Day Complaint,598
7,Street Light Out Complaint,27737
7,Street Light Pole Damage Complaint,2585
7,Street Light Pole Door Missing Complaint,449
7,Submerged Divvy or Lime Device in the Lake/River,4
7,Tobacco - General Complaint,90
7,Tobacco - Sale to Minors Complaint,66
7,Traffic Signal Out Complaint,13289
7,Tree Debris Clean-Up Request,30815
7,Tree Emergency,24272
7,Tree Planting Request,11814
7,Tree Removal Inspection,14810
7,Tree Trim Request (NO LONGER BEING ACCEPTED),24137
7,Vacant/Abandoned Building Complaint,4036
7,Vehicle Parked in Bike Lane Complaint,739
7,Viaduct Light Out Complaint,234
7,Vicious Animal Complaint,3251
7,Wage Complaint,144
7,Water Lead Test Kit Request,9713
7,Water Lead Test Visit Request,766
7,Water On Street Complaint,7072
7,Water Quality Concern,377
7,Water in Basement Complaint,19765
7,Weed Removal Request,29007
7,Wire Basket Request,820
7,Yard Waste Pick-Up Request,8504
8,311 INFORMATION ONLY CALL,348938
8,Abandoned Vehicle Complaint,24896
8,Aircraft Noise Complaint,169405
8,Alley Light Out Complaint,4626
8,Alley Pothole Complaint,4377
8,Alley Sewer Inspection Request,900
8,Animal In Trap Complaint,155
8,Bee/Wasp Removal,1619
8,Bicycle Request/Complaint,431
8,Blue Recycling Cart,11761
8,Building Violation,12439
8,Buildings - Plumbing Violation,3781
8,Bungalow/Vintage Home Information Request,54
8,Business Complaints,2606
8,Cab Feedback,1699
8,Cable TV Complaint,224
8,Check for Leak,4712
8,City Vehicle Sticker Violation,1953
8,Clean Vacant Lot Request,3831
8,Clean and Green Program Request,116
8,Commercial Fire Safety Inspection Request,140
8,Consumer Fraud Complaint,731
8,Consumer Retail Business Complaint,377
8,Coyote Interaction Complaint,449
8,Dead Animal Pick-Up Request,9956
8,Dead Bird,516
8,Divvy Bike Parking Complaint,977
8,E-Scooter,67
8,E-Scooter Parking Complaint,1572
8,Finance Parking Code Enforcement Review,3407
8,Fly Dumping Complaint,8366
8,Garbage Cart Maintenance,32744
8,Graffiti Removal Request,52027
8,Home Buyer Program Info Request,170
8,Inaccurate Fuel Pump Complaint,50
8,Inaccurate Retail Scales Complaint,3
8,Inspect Public Way Request,4545
8,Lead Inspection Request,186
8,Licensed Pharmaceutical Representative Complaint,6
8,Liquor Establishment Complaint,157
8,Low Water Pressure Complaint,1302
8,Missed Garbage Pick-Up Complaint,4090
8,No Air Conditioning,292
8,No Building Permit and Construction Violation,3108
8,No Solicitation Complaint,38
8,No Water Complaint,1622
8,Nuisance Animal Complaint,3067
8,Open Fire Hydrant Complaint,7510
8,Outdated Merchandise Complaint,29
8,Paid Sick Leave Violation,105
8,Pavement Cave-In Inspection Request,25
8,Pet Wellness Check Request,1625
8,Porch Inspection Request,345
8,Pothole in Street Complaint,17145
8,Protected Bike Lane - Debris Removal,151
8,Public Vehicle Complaint,169
8,Pushcart Food Vendor Complaint,176
8,Recycling Inspection Request,166
8,Recycling Pick Up,3269
8,Renters and Foreclosure Complaint,19
8,Report an Injured Animal,5570
8,Restaurant Complaint,1733
8,Ridesharing Complaint,97
8,Rodent Baiting/Rat Complaint,36787
8,Sanitation Code Violation,10617
8,Sewer Cave-In Inspection Request,3213
8,Sewer Cleaning Inspection Request,5471
8,Shared Cost Sidewalk Program Request,2
8,Shared Housing/Vacation Rental Complaint,200
8,Sidewalk Café/Outdoor Dining Complaint,217
8,Sidewalk Inspection Request,5483
8,Sign Repair Request - All Other Signs,10068
8,Sign Repair Request - Do Not Enter Sign,410
8,Sign Repair Request - One Way Sign,1379
8,Sign Repair Request - Stop Sign,2640
8,Smokeless Tobacco at Sports Event Complaint,3
8,Snow - Object/Dibs Removal Request,4
8,Stray Animal Complaint,6170
8,Street Cleaning Request,2929
8,Street Light On During Day Complaint,887
8,Street Light Out Complaint,28639
8,Street Light Pole Damage Complaint,2765
8,Street Light Pole Door Missing Complaint,499
8,Submerged Divvy or Lime Device in the Lake/River,2
8,Tobacco - General Complaint,89
8,Tobacco - Sale to Minors Complaint,49
8,Traffic Signal Out Complaint,12037
8,Tree Debris Clean-Up Request,33558
8,Tree Emergency,27011
8,Tree Planting Request,9329
8,Tree Removal Inspection,13658
8,Tree Trim Request (NO LONGER BEING ACCEPTED),25943
8,Vacant/Abandoned Building Complaint,3949
8,Vehicle Parked in Bike Lane Complaint,795
8,Viaduct Light Out Complaint,213
8,Vicious Animal Complaint,3545
8,Wage Complaint,179
8,Water Lead Test Kit Request,7666
8,Water Lead Test Visit Request,876
8,Water On Street Complaint,4623
8,Water Quality Concern,389
8,Water in Basement Complaint,13218
8,Weed Removal Request,25726
8,Wire Basket Request,798
8,Yard Waste Pick-Up Request,7769
9,311 INFORMATION ONLY CALL,330555
9,Abandoned Vehicle Complaint,23527
9,Aircraft Noise Complaint,168020
9,Alley Light Out Complaint,4295
9,Alley Pothole Complaint,3839
9,Alley Sewer Inspection Request,668
9,Animal In Trap Complaint,166
9,Bee/Wasp Removal,971
9,Bicycle Request/Complaint,419
9,Blue Recycling Cart,10574
9,Building Violation,11156
9,Buildings - Plumbing Violation,3381
9,Bungalow/Vintage Home Information Request,41
9,Business Complaints,2495
9,Cab Feedback,1662
9,Cable TV Complaint,167
9,Check for Leak,5080
9,City Vehicle Sticker Violation,1833
9,Clean Vacant Lot Request,2503
9,Clean and Green Program Request,99
9,Commercial Fire Safety Inspection Request,156
9,Consumer Fraud Complaint,670
9,Consumer Retail Business Complaint,348
9,Coyote Interaction Complaint,665
9,Dead Animal Pick-Up Request,10125
9,Dead Bird,552
9,Divvy Bike Parking Complaint,969
9,E-Scooter,123
9,E-Scooter Parking Complaint,1800
9,Finance Parking Code Enforcement Review,3166
9,Fly Dumping Complaint,7542
9,Garbage Cart Maintenance,28160
9,Graffiti Removal Request,50189
9,Home Buyer Program Info Request,150
9,Inaccurate Fuel Pump Complaint,41
9,Inaccurate Retail Scales Complaint,2
9,Inspect Public Way Request,4186
9,Lead Inspection Request,173
9,Licensed Pharmaceutical Representative Complaint,5
9,Liquor Establishment Complaint,135
9,Low Water Pressure Complaint,1202
9,Missed Garbage Pick-Up Complaint,3358
9,No Air Conditioning,71
9,No Building Permit and Construction Violation,2901
9,No Solicitation Complaint,28
9,No Water Complaint,1517
9,Nuisance Animal Complaint,3402
9,Open Fire Hydrant Complaint,3095
9,Outdated Merchandise Complaint,26
9,Paid Sick Leave Violation,72
9,Pavement Cave-In Inspection Request,27
9,Pet Wellness Check Request,1470
9,Petcoke Dust Complaint,1
9,Porch Inspection Request,311
9,Pothole in Street Complaint,13954
9,Protected Bike Lane - Debris Removal,156
9,Public Vehicle Complaint,178
9,Pushcart Food Vendor Complaint,157
9,Recycling Inspection Request,302
9,Recycling Pick Up,3017
9,Renters and Foreclosure Complaint,27
9,Report an Injured Animal,5343
9,Restaurant Complaint,1619
9,Ridesharing Complaint,88
9,Rodent Baiting/Rat Complaint,34659
9,Sanitation Code Violation,8625
9,Sewer Cave-In Inspection Request,2728
9,Sewer Cleaning Inspection Request,4692
9,Shared Cost Sidewalk Program Request,4
9,Shared Housing/Vacation Rental Complaint,239
9,Sidewalk Café/Outdoor Dining Complaint,178
9,Sidewalk Inspection Request,4772
9,Sign Repair Request - All Other Signs,9422
9,Sign Repair Request - Do Not Enter Sign,358
9,Sign Repair Request - One Way Sign,1295
9,Sign Repair Request - Stop Sign,2357
9,Smokeless Tobacco at Sports Event Complaint,2
9,Stray Animal Complaint,6012
9,Street Cleaning Request,2538
9,Street Light On During Day Complaint,614
9,Street Light Out Complaint,24188
9,Street Light Pole Damage Complaint,2183
9,Street Light Pole Door Missing Complaint,498
9,Submerged Divvy or Lime Device in the Lake/River,10
9,Tobacco - General Complaint,82
9,Tobacco - Sale to Minors Complaint,65
9,Traffic Signal Out Complaint,11448
9,Tree Debris Clean-Up Request,17150
9,Tree Emergency,9410
9,Tree Planting Request,6883
9,Tree Removal Inspection,9979
9,Tree Trim Request (NO LONGER BEING ACCEPTED),17477
9,Vacant/Abandoned Building Complaint,3187
9,Vehicle Parked in Bike Lane Complaint,1184
9,Viaduct Light Out Complaint,172
9,Vicious Animal Complaint,3560
9,Wage Complaint,166
9,Water Lead Test Kit Request,7540
9,Water Lead Test Visit Request,849
9,Water On Street Complaint,3160
9,Water Quality Concern,779
9,Water in Basement Complaint,4823
9,Weed Removal Request,18922
9,Wire Basket Request,706
9,Yard Waste Pick-Up Request,5941
10,311 INFORMATION ONLY CALL,335738
10,Abandoned Vehicle Complaint,21864
10,Aircraft Noise Complaint,171615
10,Alley Light Out Complaint,4067
10,Alley Pothole Complaint,3764
10,Alley Sewer Inspection Request,611
10,Animal In Trap Complaint,155
10,Bee/Wasp Removal,284
10,Bicycle Request/Complaint,336
10,Blue Recycling Cart,9435
10,Building Violation,10366
10,Buildings - Plumbing Violation,3695
10,Bungalow/Vintage Home Information Request,44
10,Business Complaints,2156
10,Cab Feedback,1580
10,Cable TV Complaint,141
10,Check for Leak,4527
10,City Vehicle Sticker Violation,1857
10,Clean Vacant Lot Request,1867
10,Clean and Green Program Request,61
10,Commercial Fire Safety Inspection Request,108
10,Consumer Fraud Complaint,642
10,Consumer Retail Business Complaint,359
10,Coyote Interaction Complaint,904
10,Dead Animal Pick-Up Request,8330
10,Dead Bird,469
10,Divvy Bike Parking Complaint,975
10,E-Scooter,97
10,E-Scooter Parking Complaint,2124
10,Finance Parking Code Enforcement Review,2941
10,Fly Dumping Complaint,6150
10,Garbage Cart Maintenance,24541
10,Graffiti Removal Request,46512
10,Home Buyer Program Info Request,127
10,Inaccurate Fuel Pump Complaint,26
10,Inaccurate Retail Scales Complaint,6
10,Inspect Public Way Request,3778
10,Lead Inspection Request,127
10,Licensed Pharmaceutical Representative Complaint,2
10,Liquor Establishment Complaint,135
10,Low Water Pressure Complaint,931
10,Missed Garbage Pick-Up Complaint,2815
10,No Air Conditioning,30
10,No Building Permit and Construction Violation,2860
10,No Solicitation Complaint,25
10,No Water Complaint,1483
10,Nuisance Animal Complaint,2977
10,Open Fire Hydrant Complaint,1395
10,Outdated Merchandise Complaint,23
10,Paid Sick Leave Violation,57
10,Pavement Cave-In Inspection Request,15
10,Pet Wellness Check Request,1440
10,Petcoke Dust Complaint,1
10,Porch Inspection Request,245
10,Pothole in Street Complaint,11528
10,Protected Bike Lane - Debris Removal,149
10,Public Vehicle Complaint,131
10,Pushcart Food Vendor Complaint,127
10,Recycling Inspection Request,165
10,Recycling Pick Up,2402
10,Renters and Foreclosure Complaint,18
10,Report an Injured Animal,4662
10,Restaurant Complaint,1469
10,Ridesharing Complaint,85
10,Rodent Baiting/Rat Complaint,29636
10,Sanitation Code Violation,6181
10,Sewer Cave-In Inspection Request,2302
10,Sewer Cleaning Inspection Request,4222
10,Shared Cost Sidewalk Program Request,1
10,Shared Housing/Vacation Rental Complaint,252
10,Sidewalk Café/Outdoor Dining Complaint,167
10,Sidewalk Inspection Request,4007
10,Sign Repair Request - All Other Signs,9163
10,Sign Repair Request - Do Not Enter Sign,328
10,Sign Repair Request - One Way Sign,1032
10,Sign Repair Request - Stop Sign,2354
10,Smokeless Tobacco at Sports Event Complaint,2
10,Stray Animal Complaint,5981
10,Street Cleaning Request,2445
10,Street Light On During Day Complaint,432
10,Street Light Out Complaint,24885
10,Street Light Pole Damage Complaint,2435
10,Street Light Pole Door Missing Complaint,476
10,Submerged Divvy or Lime Device in the Lake/River,11
10,Tobacco - General Complaint,85
10,Tobacco - Sale to Minors Complaint,49
10,Traffic Signal Out Complaint,12216
10,Tree Debris Clean-Up Request,12855
10,Tree Emergency,8899
10,Tree Planting Request,6743
10,Tree Removal Inspection,8462
10,Tree Trim Request (NO LONGER BEING ACCEPTED),17965
10,Vacant/Abandoned Building Complaint,2555
10,Vehicle Parked in Bike Lane Complaint,1030
10,Viaduct Light Out Complaint,211
10,Vicious Animal Complaint,3759
10,Wage Complaint,103
10,Water Lead Test Kit Request,4478
10,Water Lead Test Visit Request,920
10,Water On Street Complaint,3276
10,Water Quality Concern,350
10,Water in Basement Complaint,1670
10,Weed Removal Request,6067
10,Wire Basket Request,542
10,Yard Waste Pick-Up Request,6774
11,311 INFORMATION ONLY CALL,328241
11,Abandoned Vehicle Complaint,20145
11,Aircraft Noise Complaint,153201
11,Alley Light Out Complaint,4429
11,Alley Pothole Complaint,2831
11,Alley Sewer Inspection Request,338
11,Animal In Trap Complaint,96
11,Bee/Wasp Removal,314
11,Bicycle Request/Complaint,228
11,Blue Recycling Cart,8384
11,Building Violation,8681
11,Buildings - Plumbing Violation,3337
11,Bungalow/Vintage Home Information Request,37
11,Business Complaints,2249
11,Cab Feedback,1393
11,Cable TV Complaint,141
11,Check for Leak,4200
11,City Vehicle Sticker Violation,1527
11,Clean Vacant Lot Request,1292
11,Clean and Green Program Request,20
11,Commercial Fire Safety Inspection Request,125
11,Consumer Fraud Complaint,546
11,Consumer Retail Business Complaint,325
11,Coyote Interaction Complaint,1148
11,Dead Animal Pick-Up Request,5642
11,Dead Bird,194
11,Divvy Bike Parking Complaint,993
11,E-Scooter,43
11,E-Scooter Parking Complaint,2036
11,Finance Parking Code Enforcement Review,2842
11,Fly Dumping Complaint,5261
11,Garbage Cart Maintenance,21099
11,Graffiti Removal Request,44915
11,Home Buyer Program Info Request,102
11,Ice and Snow Removal Request,1571
11,Inaccurate Fuel Pump Complaint,27
11,Inaccurate Retail Scales Complaint,2
11,Inspect Public Way Request,3231
11,Lead Inspection Request,128
11,Licensed Pharmaceutical Representative Complaint,5
11,Liquor Establishment Complaint,110
11,Low Water Pressure Complaint,744
11,Missed Garbage Pick-Up Complaint,4344
11,No Air Conditioning,8
11,No Building Permit and Construction Violation,2328
11,No Solicitation Complaint,26
11,No Water Complaint,1457
11,Nuisance Animal Complaint,2490
11,Open Fire Hydrant Complaint,860
11,Outdated Merchandise Complaint,31
11,Paid Sick Leave Violation,102
11,Pavement Cave-In Inspection Request,7
11,Pet Wellness Check Request,1647
11,Porch Inspection Request,187
11,Pothole in Street Complaint,10378
11,Protected Bike Lane - Debris Removal,131
11,Public Vehicle Complaint,135
11,Pushcart Food Vendor Complaint,56
11,Recycling Inspection Request,123
11,Recycling Pick Up,2444
11,Renters and Foreclosure Complaint,19
11,Report an Injured Animal,3274
11,Restaurant Complaint,1154
11,Ridesharing Complaint,86
11,Rodent Baiting/Rat Complaint,20177
11,Sanitation Code Violation,4571
11,Sewer Cave-In Inspection Request,1461
11,Sewer Cleaning Inspection Request,2923
11,Shared Housing/Vacation Rental Complaint,203
11,Sidewalk Café/Outdoor Dining Complaint,88
11,Sidewalk Inspection Request,2513
11,Sign Repair Request - All Other Signs,8365
11,Sign Repair Request - Do Not Enter Sign,315
11,Sign Repair Request - One Way Sign,962
11,Sign Repair Request - Stop Sign,2294
11,Smokeless Tobacco at Sports Event Complaint,4
11,Snow - Object/Dibs Removal Request,286
11,Snow Removal - Protected Bike Lane or Bridge Sidewalk,39
11,Snow – Uncleared Sidewalk Complaint,777
11,Stray Animal Complaint,5533
11,Street Cleaning Request,3337
11,Street Light On During Day Complaint,374
11,Street Light Out Complaint,21970
11,Street Light Pole Damage Complaint,2244
11,Street Light Pole Door Missing Complaint,366
11,Submerged Divvy or Lime Device in the Lake/River,1
11,Tobacco - General Complaint,69
11,Tobacco - Sale to Minors Complaint,55
11,Traffic Signal Out Complaint,11089
11,Tree Debris Clean-Up Request,8273
11,Tree Emergency,5154
11,Tree Planting Request,4135
11,Tree Removal Inspection,5090
11,Tree Trim Request (NO LONGER BEING ACCEPTED),17889
11,Vacant/Abandoned Building Complaint,1871
11,Vehicle Parked in Bike Lane Complaint,677
11,Viaduct Light Out Complaint,189
11,Vicious Animal Complaint,2947
11,Wage Complaint,109
11,Water Lead Test Kit Request,3855
11,Water Lead Test Visit Request,706
11,Water On Street Complaint,1765
11,Water Quality Concern,247
11,Water in Basement Complaint,1186
11,Weed Removal Request,2832
11,Wire Basket Request,385
11,Yard Waste Pick-Up Request,14202
12,311 INFORMATION ONLY CALL,341410
12,Abandoned Vehicle Complaint,20682
12,Aircraft Noise Complaint,151733
12,Alley Light Out Complaint,3183
12,Alley Pothole Complaint,2498
12,Alley Sewer Inspection Request,325
12,Animal In Trap Complaint,86
12,Bee/Wasp Removal,203
12,Bicycle Request/Complaint,206
12,Blue Recycling Cart,8424
12,Building Violation,8583
12,Buildings - Plumbing Violation,4603
12,Bungalow/Vintage Home Information Request,35
12,Business Complaints,2146
12,Cab Feedback,1253
12,Cable TV Complaint,122
12,Check for Leak,5895
12,City Vehicle Sticker Violation,1668
12,Clean Vacant Lot Request,1028
12,Clean and Green Program Request,7
12,Commercial Fire Safety Inspection Request,122
12,Consumer Fraud Complaint,661
12,Consumer Retail Business Complaint,353
12,Coyote Interaction Complaint,1107
12,Dead Animal Pick-Up Request,4608
12,Dead Bird,180
12,Divvy Bike Parking Complaint,384
12,E-Scooter,15
12,E-Scooter Parking Complaint,537
12,Finance Parking Code Enforcement Review,2629
12,Fly Dumping Complaint,4730
12,Garbage Cart Maintenance,19247
12,Graffiti Removal Request,48395
12,Home Buyer Program Info Request,129
12,Ice and Snow Removal Request,5575
12,Inaccurate Fuel Pump Complaint,46
12,Inspect Public Way Request,2686
12,Lead Inspection Request,122
12,Licensed Pharmaceutical Representative Complaint,7
12,Liquor Establishment Complaint,119
12,Low Water Pressure Complaint,852
12,Missed Garbage Pick-Up Complaint,4993
12,No Air Conditioning,5
12,No Building Permit and Construction Violation,1966
12,No Solicitation Complaint,15
12,No Water Complaint,2504
12,Nuisance Animal Complaint,2028
12,Open Fire Hydrant Complaint,1192
12,Outdated Merchandise Complaint,24
12,Paid Sick Leave Violation,114
12,Pavement Cave-In Inspection Request,13
12,Pet Wellness Check Request,1830
12,Porch Inspection Request,170
12,Pothole in Street Complaint,14286
12,Protected Bike Lane - Debris Removal,126
12,Public Vehicle Complaint,116
12,Pushcart Food Vendor Complaint,35
12,Recycling Inspection Request,145
12,Recycling Pick Up,3260
12,Renters and Foreclosure Complaint,9
12,Report an Injured Animal,2610
12,Restaurant Complaint,1352
12,Ridesharing Complaint,75
12,Rodent Baiting/Rat Complaint,15691
12,Sanitation Code Violation,4826
12,Sewer Cave-In Inspection Request,1225
12,Sewer Cleaning Inspection Request,2616
12,Shared Housing/Vacation Rental Complaint,182
12,Sidewalk Café/Outdoor Dining Complaint,94
12,Sidewalk Inspection Request,1819
12,Sign Repair Request - All Other Signs,7439
12,Sign Repair Request - Do Not Enter Sign,316
12,Sign Repair Request - One Way Sign,849
12,Sign Repair Request - Stop Sign,2148
12,Smokeless Tobacco at Sports Event Complaint,2
12,Snow - Object/Dibs Removal Request,1983
12,Snow Removal - Protected Bike Lane or Bridge Sidewalk,407
12,Snow – Uncleared Sidewalk Complaint,7128
12,Stray Animal Complaint,5463
12,Street Cleaning Request,2066
12,Street Light On During Day Complaint,280
12,Street Light Out Complaint,16408
12,Street Light Pole Damage Complaint,2070
12,Street Light Pole Door Missing Complaint,229
12,Tobacco - General Complaint,77
12,Tobacco - Sale to Minors Complaint,57
12,Traffic Signal Out Complaint,10940
12,Tree Debris Clean-Up Request,3939
12,Tree Emergency,3146
12,Tree Planting Request,3739
12,Tree Removal Inspection,3383
12,Tree Trim Request (NO LONGER BEING ACCEPTED),16478
12,Vacant/Abandoned Building Complaint,1683
12,Vehicle Parked in Bike Lane Complaint,642
12,Viaduct Light Out Complaint,195
12,Vicious Animal Complaint,2500
12,Wage Complaint,109
12,Water Lead Test Kit Request,3567
12,Water Lead Test Visit Request,710
12,Water On Street Complaint,2816
12,Water Quality Concern,302
12,Water in Basement Complaint,1789
12,Weed Removal Request,18
12,Wire Basket Request,353
12,Yard Waste Pick-Up Request,4933
